"","mpid","firstname","surname","party","PublicWhip.URL"
"1",41371,"Bridget","Phillipson","Lab","https://www.publicwhip.org.uk/mp.php?mpid=41371"
"2",41372,"Chi","Onwurah","Lab","https://www.publicwhip.org.uk/mp.php?mpid=41372"
"3",41373,"Julie","Elliott","Lab","https://www.publicwhip.org.uk/mp.php?mpid=41373"
"4",41374,"Nick","Brown","Lab","https://www.publicwhip.org.uk/mp.php?mpid=41374"
"5",41375,"Justin","Tomlinson","Con","https://www.publicwhip.org.uk/mp.php?mpid=41375"
"6",41376,"Sharon","Hodgson","Lab","https://www.publicwhip.org.uk/mp.php?mpid=41376"
"7",41377,"Catherine","McKinnell","Lab","https://www.publicwhip.org.uk/mp.php?mpid=41377"
"8",41378,"Philip","Hollobone","Con","https://www.publicwhip.org.uk/mp.php?mpid=41378"
"9",41379,"Marcus","Jones","Con","https://www.publicwhip.org.uk/mp.php?mpid=41379"
"10",41380,"Charles","Walker","Con","https://www.publicwhip.org.uk/mp.php?mpid=41380"
"11",41381,"John","Baron","Con","https://www.publicwhip.org.uk/mp.php?mpid=41381"
"12",41382,"Sue","Hayman","Lab","https://www.publicwhip.org.uk/mp.php?mpid=41382"
"13",41383,"Andy","McDonald","Lab","https://www.publicwhip.org.uk/mp.php?mpid=41383"
"14",41384,"Jenny","Chapman","Lab","https://www.publicwhip.org.uk/mp.php?mpid=41384"
"15",41385,"Emma","Lewell-Buck","Lab","https://www.publicwhip.org.uk/mp.php?mpid=41385"
"16",41386,"Stephen","Metcalfe","Con","https://www.publicwhip.org.uk/mp.php?mpid=41386"
"17",41387,"Stephen","Hepburn","Lab","https://www.publicwhip.org.uk/mp.php?mpid=41387"
"18",41388,"Derek","Twigg","Lab","https://www.publicwhip.org.uk/mp.php?mpid=41388"
"19",41389,"Andrew","Jones","Con","https://www.publicwhip.org.uk/mp.php?mpid=41389"
"20",41390,"Jo","Platt","Lab","https://www.publicwhip.org.uk/mp.php?mpid=41390"
"21",41391,"Nia","Griffith","Lab","https://www.publicwhip.org.uk/mp.php?mpid=41391"
"22",41392,"Sylvia","Hermon","Independent","https://www.publicwhip.org.uk/mp.php?mpid=41392"
"23",41393,"Ged","Killen","Lab","https://www.publicwhip.org.uk/mp.php?mpid=41393"
"24",41394,"Robert","Buckland","Con","https://www.publicwhip.org.uk/mp.php?mpid=41394"
"25",41395,"Alex","Cunningham","Lab","https://www.publicwhip.org.uk/mp.php?mpid=41395"
"26",41396,"Ian","Lucas","Lab","https://www.publicwhip.org.uk/mp.php?mpid=41396"
"27",41397,"Frank","Field","Lab","https://www.publicwhip.org.uk/mp.php?mpid=41397"
"28",41398,"John","Stevenson","Con","https://www.publicwhip.org.uk/mp.php?mpid=41398"
"29",41399,"Yvonne","Fovargue","Lab","https://www.publicwhip.org.uk/mp.php?mpid=41399"
"30",41400,"Rosena","Allin-Khan","Lab","https://www.publicwhip.org.uk/mp.php?mpid=41400"
"31",41401,"Lisa","Nandy","Lab","https://www.publicwhip.org.uk/mp.php?mpid=41401"
"32",41402,"Vicky","Ford","Con","https://www.publicwhip.org.uk/mp.php?mpid=41402"
"33",41403,"Jeffrey M.","Donaldson","DUP","https://www.publicwhip.org.uk/mp.php?mpid=41403"
"34",41404,"Jim","Shannon","DUP","https://www.publicwhip.org.uk/mp.php?mpid=41404"
"35",41405,"Alan","Brown","SNP","https://www.publicwhip.org.uk/mp.php?mpid=41405"
"36",41406,"Tom","Watson","Lab","https://www.publicwhip.org.uk/mp.php?mpid=41406"
"37",41407,"Robert","Halfon","Con","https://www.publicwhip.org.uk/mp.php?mpid=41407"
"38",41408,"George","Howarth","Lab","https://www.publicwhip.org.uk/mp.php?mpid=41408"
"39",41409,"Chris","Elmore","Lab","https://www.publicwhip.org.uk/mp.php?mpid=41409"
"40",41410,"Mark","Francois","Con","https://www.publicwhip.org.uk/mp.php?mpid=41410"
"41",41411,"Julie","Cooper","Lab","https://www.publicwhip.org.uk/mp.php?mpid=41411"
"42",41412,"Susan Elan","Jones","Lab","https://www.publicwhip.org.uk/mp.php?mpid=41412"
"43",41413,"Charlie","Elphicke","Con","https://www.publicwhip.org.uk/mp.php?mpid=41413"
"44",41414,"Rupa","Huq","Lab","https://www.publicwhip.org.uk/mp.php?mpid=41414"
"45",41415,"Alan","Mak","Con","https://www.publicwhip.org.uk/mp.php?mpid=41415"
"46",41416,"Oliver","Dowden","Con","https://www.publicwhip.org.uk/mp.php?mpid=41416"
"47",41417,"Craig","Tracey","Con","https://www.publicwhip.org.uk/mp.php?mpid=41417"
"48",41418,"Justine","Greening","Con","https://www.publicwhip.org.uk/mp.php?mpid=41418"
"49",41419,"Richard","Bacon","Con","https://www.publicwhip.org.uk/mp.php?mpid=41419"
"50",41420,"Nadhim","Zahawi","Con","https://www.publicwhip.org.uk/mp.php?mpid=41420"
"51",41421,"Alan","Campbell","Lab","https://www.publicwhip.org.uk/mp.php?mpid=41421"
"52",41422,"Chris","Ruane","Lab","https://www.publicwhip.org.uk/mp.php?mpid=41422"
"53",41423,"John","Spellar","Lab","https://www.publicwhip.org.uk/mp.php?mpid=41423"
"54",41424,"Martin","Docherty","SNP","https://www.publicwhip.org.uk/mp.php?mpid=41424"
"55",41425,"Kirstene","Hair","Con","https://www.publicwhip.org.uk/mp.php?mpid=41425"
"56",41426,"Angela","Eagle","Lab","https://www.publicwhip.org.uk/mp.php?mpid=41426"
"57",41427,"Stephanie","Peacock","Lab","https://www.publicwhip.org.uk/mp.php?mpid=41427"
"58",41428,"Rebecca","Harris","Con","https://www.publicwhip.org.uk/mp.php?mpid=41428"
"59",41429,"Damian","Collins","Con","https://www.publicwhip.org.uk/mp.php?mpid=41429"
"60",41430,"Jessica","Morden","Lab","https://www.publicwhip.org.uk/mp.php?mpid=41430"
"61",41431,"Mary","Glindon","Lab","https://www.publicwhip.org.uk/mp.php?mpid=41431"
"62",41432,"Anneliese","Dodds","Lab","https://www.publicwhip.org.uk/mp.php?mpid=41432"
"63",41433,"Bill","Esterson","Lab","https://www.publicwhip.org.uk/mp.php?mpid=41433"
"64",41434,"Nick","Thomas-Symonds","Lab","https://www.publicwhip.org.uk/mp.php?mpid=41434"
"65",41435,"Adrian","Bailey","Lab","https://www.publicwhip.org.uk/mp.php?mpid=41435"
"66",41436,"Emma","Reynolds","Lab","https://www.publicwhip.org.uk/mp.php?mpid=41436"
"67",41437,"Marcus","Fysh","Con","https://www.publicwhip.org.uk/mp.php?mpid=41437"
"68",41438,"Nick","Smith","Lab","https://www.publicwhip.org.uk/mp.php?mpid=41438"
"69",41439,"Jonathan","Edwards","PC","https://www.publicwhip.org.uk/mp.php?mpid=41439"
"70",41440,"Stewart","Hosie","SNP","https://www.publicwhip.org.uk/mp.php?mpid=41440"
"71",41441,"Maggie","Throup","Con","https://www.publicwhip.org.uk/mp.php?mpid=41441"
"72",41442,"Suella","Braverman","Con","https://www.publicwhip.org.uk/mp.php?mpid=41442"
"73",41443,"Mike","Hill","Lab","https://www.publicwhip.org.uk/mp.php?mpid=41443"
"74",41444,"Chris","Evans","Lab","https://www.publicwhip.org.uk/mp.php?mpid=41444"
"75",41445,"Louise","Ellman","Lab","https://www.publicwhip.org.uk/mp.php?mpid=41445"
"76",41446,"Mhairi","Black","SNP","https://www.publicwhip.org.uk/mp.php?mpid=41446"
"77",41447,"Owen","Smith","Lab","https://www.publicwhip.org.uk/mp.php?mpid=41447"
"78",41448,"Conor","McGinn","Lab","https://www.publicwhip.org.uk/mp.php?mpid=41448"
"79",41449,"Hywel","Williams","PC","https://www.publicwhip.org.uk/mp.php?mpid=41449"
"80",41450,"Marsha","de Cordova","Lab","https://www.publicwhip.org.uk/mp.php?mpid=41450"
"81",41451,"Phillip","Lee","Con","https://www.publicwhip.org.uk/mp.php?mpid=41451"
"82",41452,"Amanda","Milling","Con","https://www.publicwhip.org.uk/mp.php?mpid=41452"
"83",41453,"Ian","Mearns","Lab","https://www.publicwhip.org.uk/mp.php?mpid=41453"
"84",41454,"Paul","Flynn","Lab","https://www.publicwhip.org.uk/mp.php?mpid=41454"
"85",41455,"Paul","Williams","Lab","https://www.publicwhip.org.uk/mp.php?mpid=41455"
"86",41456,"Kevin","Foster","Con","https://www.publicwhip.org.uk/mp.php?mpid=41456"
"87",41457,"Andrew","Griffiths","Con","https://www.publicwhip.org.uk/mp.php?mpid=41457"
"88",41458,"James","Frith","Lab","https://www.publicwhip.org.uk/mp.php?mpid=41458"
"89",41459,"Wayne","David","Lab","https://www.publicwhip.org.uk/mp.php?mpid=41459"
"90",41460,"David","Hanson","Lab","https://www.publicwhip.org.uk/mp.php?mpid=41460"
"91",41461,"Chris","Law","SNP","https://www.publicwhip.org.uk/mp.php?mpid=41461"
"92",41462,"Lisa","Cameron","SNP","https://www.publicwhip.org.uk/mp.php?mpid=41462"
"93",41463,"Gregory","Campbell","DUP","https://www.publicwhip.org.uk/mp.php?mpid=41463"
"94",41464,"John","McNally","SNP","https://www.publicwhip.org.uk/mp.php?mpid=41464"
"95",41465,"Mike","Penning","Con","https://www.publicwhip.org.uk/mp.php?mpid=41465"
"96",41466,"Nadine","Dorries","Con","https://www.publicwhip.org.uk/mp.php?mpid=41466"
"97",41467,"Gavin","Newlands","SNP","https://www.publicwhip.org.uk/mp.php?mpid=41467"
"98",41468,"Mark","Hendrick","Lab","https://www.publicwhip.org.uk/mp.php?mpid=41468"
"99",41469,"Michael","Fallon","Con","https://www.publicwhip.org.uk/mp.php?mpid=41469"
"100",41470,"Marie","Rimmer","Lab","https://www.publicwhip.org.uk/mp.php?mpid=41470"
"101",41471,"Alun","Cairns","Con","https://www.publicwhip.org.uk/mp.php?mpid=41471"
"102",41472,"Margaret","Greenwood","Lab","https://www.publicwhip.org.uk/mp.php?mpid=41472"
"103",41473,"Liz","Twist","Lab","https://www.publicwhip.org.uk/mp.php?mpid=41473"
"104",41475,"Mark","Prisk","Con","https://www.publicwhip.org.uk/mp.php?mpid=41475"
"105",41476,"Liz","McInnes","Lab","https://www.publicwhip.org.uk/mp.php?mpid=41476"
"106",41477,"Angus","MacNeil","SNP","https://www.publicwhip.org.uk/mp.php?mpid=41477"
"107",41478,"Andrew","Bridgen","Con","https://www.publicwhip.org.uk/mp.php?mpid=41478"
"108",41479,"Mark","Pawsey","Con","https://www.publicwhip.org.uk/mp.php?mpid=41479"
"109",41481,"Madeleine","Moon","Lab","https://www.publicwhip.org.uk/mp.php?mpid=41481"
"110",41482,"Sam","Gyimah","Con","https://www.publicwhip.org.uk/mp.php?mpid=41482"
"111",41483,"Mark","Menzies","Con","https://www.publicwhip.org.uk/mp.php?mpid=41483"
"112",41484,"Maria","Eagle","Lab","https://www.publicwhip.org.uk/mp.php?mpid=41484"
"113",41485,"Diana R.","Johnson","Lab","https://www.publicwhip.org.uk/mp.php?mpid=41485"
"114",41486,"Douglas","Ross","Con","https://www.publicwhip.org.uk/mp.php?mpid=41486"
"115",41487,"Anne Marie","Morris","Con","https://www.publicwhip.org.uk/mp.php?mpid=41487"
"116",41488,"Oliver","Heald","Con","https://www.publicwhip.org.uk/mp.php?mpid=41488"
"117",41489,"Luke","Graham","Con","https://www.publicwhip.org.uk/mp.php?mpid=41489"
"118",41490,"Tony","Lloyd","Lab","https://www.publicwhip.org.uk/mp.php?mpid=41490"
"119",41491,"Kenneth","Clarke","Con","https://www.publicwhip.org.uk/mp.php?mpid=41491"
"120",41492,"Gill","Furniss","Lab","https://www.publicwhip.org.uk/mp.php?mpid=41492"
"121",41493,"Christopher","Pincher","Con","https://www.publicwhip.org.uk/mp.php?mpid=41493"
"122",41494,"Nigel","Mills","Con","https://www.publicwhip.org.uk/mp.php?mpid=41494"
"123",41495,"Dan","Jarvis","Lab","https://www.publicwhip.org.uk/mp.php?mpid=41495"
"124",41496,"Kate","Hollern","Lab","https://www.publicwhip.org.uk/mp.php?mpid=41496"
"125",41497,"Peter","Dowd","Lab","https://www.publicwhip.org.uk/mp.php?mpid=41497"
"126",41498,"Christopher","Chope","Con","https://www.publicwhip.org.uk/mp.php?mpid=41498"
"127",41499,"Peter","Grant","SNP","https://www.publicwhip.org.uk/mp.php?mpid=41499"
"128",41500,"Melanie","Onn","Lab","https://www.publicwhip.org.uk/mp.php?mpid=41500"
"129",41501,"Jonathan","Djanogly","Con","https://www.publicwhip.org.uk/mp.php?mpid=41501"
"130",41502,"Ronnie","Cowan","SNP","https://www.publicwhip.org.uk/mp.php?mpid=41502"
"131",41503,"Nigel","Huddleston","Con","https://www.publicwhip.org.uk/mp.php?mpid=41503"
"132",41504,"Danielle","Rowley","Lab","https://www.publicwhip.org.uk/mp.php?mpid=41504"
"133",41505,"Patricia","Gibson","SNP","https://www.publicwhip.org.uk/mp.php?mpid=41505"
"134",41506,"Andrew","Stephenson","Con","https://www.publicwhip.org.uk/mp.php?mpid=41506"
"135",41507,"Chris","Bryant","Lab","https://www.publicwhip.org.uk/mp.php?mpid=41507"
"136",41508,"James","Duddridge","Con","https://www.publicwhip.org.uk/mp.php?mpid=41508"
"137",41509,"Peter","Bone","Con","https://www.publicwhip.org.uk/mp.php?mpid=41509"
"138",41510,"Alison","McGovern","Lab","https://www.publicwhip.org.uk/mp.php?mpid=41510"
"139",41511,"Pat","McFadden","Lab","https://www.publicwhip.org.uk/mp.php?mpid=41511"
"140",41512,"Steven","Baker","Con","https://www.publicwhip.org.uk/mp.php?mpid=41512"
"141",41513,"Mark","Garnier","Con","https://www.publicwhip.org.uk/mp.php?mpid=41513"
"142",41514,"Kirsty","Blackman","SNP","https://www.publicwhip.org.uk/mp.php?mpid=41514"
"143",41515,"Leo","Docherty","Con","https://www.publicwhip.org.uk/mp.php?mpid=41515"
"144",41517,"Ann","Clwyd","Lab","https://www.publicwhip.org.uk/mp.php?mpid=41517"
"145",41519,"Luciana","Berger","Lab","https://www.publicwhip.org.uk/mp.php?mpid=41519"
"146",41520,"Glyn","Davies","Con","https://www.publicwhip.org.uk/mp.php?mpid=41520"
"147",41521,"Paul","Girvan","DUP","https://www.publicwhip.org.uk/mp.php?mpid=41521"
"148",41522,"David","Amess","Con","https://www.publicwhip.org.uk/mp.php?mpid=41522"
"149",41523,"Damien","Moore","Con","https://www.publicwhip.org.uk/mp.php?mpid=41523"
"150",41524,"Andrew","Mitchell","Con","https://www.publicwhip.org.uk/mp.php?mpid=41524"
"151",41525,"Eleanor","Smith","Lab","https://www.publicwhip.org.uk/mp.php?mpid=41525"
"152",41526,"Guto","Bebb","Con","https://www.publicwhip.org.uk/mp.php?mpid=41526"
"153",41527,"Paul","Maynard","Con","https://www.publicwhip.org.uk/mp.php?mpid=41527"
"154",41528,"David","Crausby","Lab","https://www.publicwhip.org.uk/mp.php?mpid=41528"
"155",41529,"Jo","Stevens","Lab","https://www.publicwhip.org.uk/mp.php?mpid=41529"
"156",41530,"Karl","Turner","Lab","https://www.publicwhip.org.uk/mp.php?mpid=41530"
"157",41531,"Christina","Rees","Lab","https://www.publicwhip.org.uk/mp.php?mpid=41531"
"158",41532,"Kevan","Jones","Lab","https://www.publicwhip.org.uk/mp.php?mpid=41532"
"159",41533,"Louise","Haigh","Lab","https://www.publicwhip.org.uk/mp.php?mpid=41533"
"160",41534,"Heidi","Allen","Con","https://www.publicwhip.org.uk/mp.php?mpid=41534"
"161",41535,"Geraint","Davies","Lab","https://www.publicwhip.org.uk/mp.php?mpid=41535"
"162",41536,"Karen","Buck","Lab","https://www.publicwhip.org.uk/mp.php?mpid=41536"
"163",41537,"Albert","Owen","Lab","https://www.publicwhip.org.uk/mp.php?mpid=41537"
"164",41538,"Chris","Davies","Con","https://www.publicwhip.org.uk/mp.php?mpid=41538"
"165",41539,"Kerry","McCarthy","Lab","https://www.publicwhip.org.uk/mp.php?mpid=41539"
"166",41540,"Ivan","Lewis","Lab","https://www.publicwhip.org.uk/mp.php?mpid=41540"
"167",41541,"Will","Quince","Con","https://www.publicwhip.org.uk/mp.php?mpid=41541"
"168",41542,"Jim","Cunningham","Lab","https://www.publicwhip.org.uk/mp.php?mpid=41542"
"169",41543,"Mims","Davies","Con","https://www.publicwhip.org.uk/mp.php?mpid=41543"
"170",41545,"Bernard","Jenkin","Con","https://www.publicwhip.org.uk/mp.php?mpid=41545"
"171",41546,"David","Davies","Con","https://www.publicwhip.org.uk/mp.php?mpid=41546"
"172",41547,"Lilian","Greenwood","Lab","https://www.publicwhip.org.uk/mp.php?mpid=41547"
"173",41548,"Julian","Knight","Con","https://www.publicwhip.org.uk/mp.php?mpid=41548"
"174",41549,"Stella","Creasy","Lab","https://www.publicwhip.org.uk/mp.php?mpid=41549"
"175",41550,"Stephen","Kinnock","Lab","https://www.publicwhip.org.uk/mp.php?mpid=41550"
"176",41551,"Mark","Tami","Lab","https://www.publicwhip.org.uk/mp.php?mpid=41551"
"177",41552,"Helen","Goodman","Lab","https://www.publicwhip.org.uk/mp.php?mpid=41552"
"178",41553,"Karin","Smyth","Lab","https://www.publicwhip.org.uk/mp.php?mpid=41553"
"179",41554,"Colleen","Fletcher","Lab","https://www.publicwhip.org.uk/mp.php?mpid=41554"
"180",41555,"Jo","Swinson","LDem","https://www.publicwhip.org.uk/mp.php?mpid=41555"
"181",41556,"Clive","Efford","Lab","https://www.publicwhip.org.uk/mp.php?mpid=41556"
"182",41557,"Ruth","George","Lab","https://www.publicwhip.org.uk/mp.php?mpid=41557"
"183",41558,"Stephen","Twigg","Lab","https://www.publicwhip.org.uk/mp.php?mpid=41558"
"184",41559,"Michael","Gove","Con","https://www.publicwhip.org.uk/mp.php?mpid=41559"
"185",41560,"Greg","Clark","Con","https://www.publicwhip.org.uk/mp.php?mpid=41560"
"186",41561,"Harriett","Baldwin","Con","https://www.publicwhip.org.uk/mp.php?mpid=41561"
"187",41562,"Caroline","Flint","Lab","https://www.publicwhip.org.uk/mp.php?mpid=41562"
"188",41563,"Liz","Saville-Roberts","PC","https://www.publicwhip.org.uk/mp.php?mpid=41563"
"189",41564,"Tonia","Antoniazzi","Lab","https://www.publicwhip.org.uk/mp.php?mpid=41564"
"190",41565,"Anne","Milton","Con","https://www.publicwhip.org.uk/mp.php?mpid=41565"
"191",41566,"Graham","Jones","Lab","https://www.publicwhip.org.uk/mp.php?mpid=41566"
"192",41567,"Sandy","Martin","Lab","https://www.publicwhip.org.uk/mp.php?mpid=41567"
"193",41568,"Siobhain","McDonagh","Lab","https://www.publicwhip.org.uk/mp.php?mpid=41568"
"194",41569,"Julian","Lewis","Con","https://www.publicwhip.org.uk/mp.php?mpid=41569"
"195",41570,"Richard","Benyon","Con","https://www.publicwhip.org.uk/mp.php?mpid=41570"
"196",41571,"Ian","Paisley Jnr","DUP","https://www.publicwhip.org.uk/mp.php?mpid=41571"
"197",41572,"Andrew","Rosindell","Con","https://www.publicwhip.org.uk/mp.php?mpid=41572"
"198",41573,"Clive","Betts","Lab","https://www.publicwhip.org.uk/mp.php?mpid=41573"
"199",41574,"Jared","O&#39;Mara","Lab","https://www.publicwhip.org.uk/mp.php?mpid=41574"
"200",41575,"Anne","Main","Con","https://www.publicwhip.org.uk/mp.php?mpid=41575"
"201",41576,"Stephen","McPartland","Con","https://www.publicwhip.org.uk/mp.php?mpid=41576"
"202",41577,"Jackie","Doyle-Price","Con","https://www.publicwhip.org.uk/mp.php?mpid=41577"
"203",41578,"Richard","Harrington","Con","https://www.publicwhip.org.uk/mp.php?mpid=41578"
"204",41579,"Nusrat","Ghani","Con","https://www.publicwhip.org.uk/mp.php?mpid=41579"
"205",41580,"Matthew","Hancock","Con","https://www.publicwhip.org.uk/mp.php?mpid=41580"
"206",41581,"John","Redwood","Con","https://www.publicwhip.org.uk/mp.php?mpid=41581"
"207",41582,"Barbara","Keeley","Lab","https://www.publicwhip.org.uk/mp.php?mpid=41582"
"208",41583,"Gavin","Robinson","DUP","https://www.publicwhip.org.uk/mp.php?mpid=41583"
"209",41584,"Richard","Burden","Lab","https://www.publicwhip.org.uk/mp.php?mpid=41584"
"210",41585,"Jess","Phillips","Lab","https://www.publicwhip.org.uk/mp.php?mpid=41585"
"211",41586,"Darren","Jones","Lab","https://www.publicwhip.org.uk/mp.php?mpid=41586"
"212",41587,"Iain","Duncan Smith","Con","https://www.publicwhip.org.uk/mp.php?mpid=41587"
"213",41588,"Geoffrey","Robinson","Lab","https://www.publicwhip.org.uk/mp.php?mpid=41588"
"214",41589,"Sammy","Wilson","DUP","https://www.publicwhip.org.uk/mp.php?mpid=41589"
"215",41590,"Caroline","Spelman","Con","https://www.publicwhip.org.uk/mp.php?mpid=41590"
"216",41591,"Fiona","Onasanya","Lab","https://www.publicwhip.org.uk/mp.php?mpid=41591"
"217",41592,"John","Hayes","Con","https://www.publicwhip.org.uk/mp.php?mpid=41592"
"218",41593,"David","Drew","Lab","https://www.publicwhip.org.uk/mp.php?mpid=41593"
"219",41594,"Boris","Johnson","Con","https://www.publicwhip.org.uk/mp.php?mpid=41594"
"220",41595,"Damian","Green","Con","https://www.publicwhip.org.uk/mp.php?mpid=41595"
"221",41596,"Jack","Dromey","Lab","https://www.publicwhip.org.uk/mp.php?mpid=41596"
"222",41597,"Roberta","Blackman-Woods","Lab","https://www.publicwhip.org.uk/mp.php?mpid=41597"
"223",41598,"Martin","Vickers","Con","https://www.publicwhip.org.uk/mp.php?mpid=41598"
"224",41599,"David","Jones","Con","https://www.publicwhip.org.uk/mp.php?mpid=41599"
"225",41600,"Alison","Thewliss","SNP","https://www.publicwhip.org.uk/mp.php?mpid=41600"
"226",41601,"Paul","Sweeney","Lab","https://www.publicwhip.org.uk/mp.php?mpid=41601"
"227",41602,"Emily","Thornberry","Lab","https://www.publicwhip.org.uk/mp.php?mpid=41602"
"228",41603,"Jeremy","Wright","Con","https://www.publicwhip.org.uk/mp.php?mpid=41603"
"229",41604,"George","Freeman","Con","https://www.publicwhip.org.uk/mp.php?mpid=41604"
"230",41605,"Laura","Pidcock","Lab","https://www.publicwhip.org.uk/mp.php?mpid=41605"
"231",41606,"Rebecca","Long-Bailey","Lab","https://www.publicwhip.org.uk/mp.php?mpid=41606"
"232",41607,"John","Glen","Con","https://www.publicwhip.org.uk/mp.php?mpid=41607"
"233",41608,"Mark","Pritchard","Con","https://www.publicwhip.org.uk/mp.php?mpid=41608"
"234",41609,"Vincent","Cable","LDem","https://www.publicwhip.org.uk/mp.php?mpid=41609"
"235",41610,"Oliver","Letwin","Con","https://www.publicwhip.org.uk/mp.php?mpid=41610"
"236",41611,"Yasmin","Qureshi","Lab","https://www.publicwhip.org.uk/mp.php?mpid=41611"
"237",41612,"David","Tredinnick","Con","https://www.publicwhip.org.uk/mp.php?mpid=41612"
"238",41613,"Daniel","Zeichner","Lab","https://www.publicwhip.org.uk/mp.php?mpid=41613"
"239",41614,"Cheryl","Gillan","Con","https://www.publicwhip.org.uk/mp.php?mpid=41614"
"240",41615,"Mark","Field","Con","https://www.publicwhip.org.uk/mp.php?mpid=41615"
"241",41616,"Trudy","Harrison","Con","https://www.publicwhip.org.uk/mp.php?mpid=41616"
"242",41617,"Douglas","Chapman","SNP","https://www.publicwhip.org.uk/mp.php?mpid=41617"
"243",41618,"Grahame","Morris","Lab","https://www.publicwhip.org.uk/mp.php?mpid=41618"
"244",41619,"Angela","Crawley","SNP","https://www.publicwhip.org.uk/mp.php?mpid=41619"
"245",41620,"Dan","Carden","Lab","https://www.publicwhip.org.uk/mp.php?mpid=41620"
"246",41621,"Chloe","Smith","Con","https://www.publicwhip.org.uk/mp.php?mpid=41621"
"247",41622,"Nigel","Evans","Con","https://www.publicwhip.org.uk/mp.php?mpid=41622"
"248",41623,"Carolyn","Harris","Lab","https://www.publicwhip.org.uk/mp.php?mpid=41623"
"249",41624,"Mike","Kane","Lab","https://www.publicwhip.org.uk/mp.php?mpid=41624"
"250",41625,"Bill","Grant","Con","https://www.publicwhip.org.uk/mp.php?mpid=41625"
"251",41626,"Dominic","Grieve","Con","https://www.publicwhip.org.uk/mp.php?mpid=41626"
"252",41627,"Giles","Watling","Con","https://www.publicwhip.org.uk/mp.php?mpid=41627"
"253",41628,"Virendra","Sharma","Lab","https://www.publicwhip.org.uk/mp.php?mpid=41628"
"254",41629,"Vernon","Coaker","Lab","https://www.publicwhip.org.uk/mp.php?mpid=41629"
"255",41630,"Caroline","Dinenage","Con","https://www.publicwhip.org.uk/mp.php?mpid=41630"
"256",41631,"Bob","Seely","Con","https://www.publicwhip.org.uk/mp.php?mpid=41631"
"257",41632,"Emma","Hardy","Lab","https://www.publicwhip.org.uk/mp.php?mpid=41632"
"258",41633,"Jon","Ashworth","Lab","https://www.publicwhip.org.uk/mp.php?mpid=41633"
"259",41634,"Gavin","Shuker","Lab","https://www.publicwhip.org.uk/mp.php?mpid=41634"
"260",41635,"John","Whittingdale","Con","https://www.publicwhip.org.uk/mp.php?mpid=41635"
"261",41636,"Lucy","Powell","Lab","https://www.publicwhip.org.uk/mp.php?mpid=41636"
"262",41637,"Richard","Drax","Con","https://www.publicwhip.org.uk/mp.php?mpid=41637"
"263",41638,"Geoffrey","Clifton-Brown","Con","https://www.publicwhip.org.uk/mp.php?mpid=41638"
"264",41639,"Stephen","Hammond","Con","https://www.publicwhip.org.uk/mp.php?mpid=41639"
"265",41640,"Robin","Walker","Con","https://www.publicwhip.org.uk/mp.php?mpid=41640"
"266",41641,"Neil","Gray","SNP","https://www.publicwhip.org.uk/mp.php?mpid=41641"
"267",41642,"Nigel","Dodds","DUP","https://www.publicwhip.org.uk/mp.php?mpid=41642"
"268",41643,"Shabana","Mahmood","Lab","https://www.publicwhip.org.uk/mp.php?mpid=41643"
"269",41644,"Thangam","Debbonaire","Lab","https://www.publicwhip.org.uk/mp.php?mpid=41644"
"270",41645,"Anna","McMorrin","Lab","https://www.publicwhip.org.uk/mp.php?mpid=41645"
"271",41646,"Michelle","Donelan","Con","https://www.publicwhip.org.uk/mp.php?mpid=41646"
"272",41647,"Patrick","Grady","SNP","https://www.publicwhip.org.uk/mp.php?mpid=41647"
"273",41648,"Adam","Holloway","Con","https://www.publicwhip.org.uk/mp.php?mpid=41648"
"274",41649,"Matthew","Pennycook","Lab","https://www.publicwhip.org.uk/mp.php?mpid=41649"
"275",41650,"Drew","Hendry","SNP","https://www.publicwhip.org.uk/mp.php?mpid=41650"
"276",41651,"Jeremy","Corbyn","Lab","https://www.publicwhip.org.uk/mp.php?mpid=41651"
"277",41652,"Maria","Caulfield","Con","https://www.publicwhip.org.uk/mp.php?mpid=41652"
"278",41653,"John","Cryer","Lab","https://www.publicwhip.org.uk/mp.php?mpid=41653"
"279",41654,"Pete","Wishart","SNP","https://www.publicwhip.org.uk/mp.php?mpid=41654"
"280",41655,"Penny","Mordaunt","Con","https://www.publicwhip.org.uk/mp.php?mpid=41655"
"281",41656,"Phil","Wilson","Lab","https://www.publicwhip.org.uk/mp.php?mpid=41656"
"282",41657,"Karen","Bradley","Con","https://www.publicwhip.org.uk/mp.php?mpid=41657"
"283",41658,"Wendy","Morton","Con","https://www.publicwhip.org.uk/mp.php?mpid=41658"
"284",41659,"Wera","Hobhouse","LDem","https://www.publicwhip.org.uk/mp.php?mpid=41659"
"285",41660,"Mohammad","Yasin","Lab","https://www.publicwhip.org.uk/mp.php?mpid=41660"
"286",41661,"Jon","Cruddas","Lab","https://www.publicwhip.org.uk/mp.php?mpid=41661"
"287",41662,"Gareth","Johnson","Con","https://www.publicwhip.org.uk/mp.php?mpid=41662"
"288",41663,"Martin","Whitfield","Lab","https://www.publicwhip.org.uk/mp.php?mpid=41663"
"289",41664,"Brandon","Lewis","Con","https://www.publicwhip.org.uk/mp.php?mpid=41664"
"290",41665,"John Martin","McDonnell","Lab","https://www.publicwhip.org.uk/mp.php?mpid=41665"
"291",41666,"Julia","Lopez","Con","https://www.publicwhip.org.uk/mp.php?mpid=41666"
"292",41667,"Lesley","Laird","Lab","https://www.publicwhip.org.uk/mp.php?mpid=41667"
"293",41668,"Desmond","Swayne","Con","https://www.publicwhip.org.uk/mp.php?mpid=41668"
"294",41669,"Shailesh","Vara","Con","https://www.publicwhip.org.uk/mp.php?mpid=41669"
"295",41670,"Clive","Lewis","Lab","https://www.publicwhip.org.uk/mp.php?mpid=41670"
"296",41672,"Jeremy","Lefroy","Con","https://www.publicwhip.org.uk/mp.php?mpid=41672"
"297",41673,"Therese","Coffey","Con","https://www.publicwhip.org.uk/mp.php?mpid=41673"
"298",41674,"Thomas","Tugendhat","Con","https://www.publicwhip.org.uk/mp.php?mpid=41674"
"299",41675,"John","Healey","Lab","https://www.publicwhip.org.uk/mp.php?mpid=41675"
"300",41676,"Judith","Cummins","Lab","https://www.publicwhip.org.uk/mp.php?mpid=41676"
"301",41677,"Paul","Masterton","Con","https://www.publicwhip.org.uk/mp.php?mpid=41677"
"302",41678,"Dominic","Raab","Con","https://www.publicwhip.org.uk/mp.php?mpid=41678"
"303",41679,"Carol","Monaghan","SNP","https://www.publicwhip.org.uk/mp.php?mpid=41679"
"304",41680,"Rachel","Reeves","Lab","https://www.publicwhip.org.uk/mp.php?mpid=41680"
"305",41681,"Liz","Kendall","Lab","https://www.publicwhip.org.uk/mp.php?mpid=41681"
"306",41682,"Heidi","Alexander","Lab","https://www.publicwhip.org.uk/mp.php?mpid=41682"
"307",41683,"Jeff","Smith","Lab","https://www.publicwhip.org.uk/mp.php?mpid=41683"
"308",41684,"Gerald","Jones","Lab","https://www.publicwhip.org.uk/mp.php?mpid=41684"
"309",41685,"Crispin","Blunt","Con","https://www.publicwhip.org.uk/mp.php?mpid=41685"
"310",41686,"Gordon","Henderson","Con","https://www.publicwhip.org.uk/mp.php?mpid=41686"
"311",41687,"David","Lammy","Lab","https://www.publicwhip.org.uk/mp.php?mpid=41687"
"312",41688,"Margaret","Hodge","Lab","https://www.publicwhip.org.uk/mp.php?mpid=41688"
"313",41689,"Emma","Little Pengelly","DUP","https://www.publicwhip.org.uk/mp.php?mpid=41689"
"314",41690,"Damian","Hinds","Con","https://www.publicwhip.org.uk/mp.php?mpid=41690"
"315",41691,"Tommy","Sheppard","SNP","https://www.publicwhip.org.uk/mp.php?mpid=41691"
"316",41692,"Stewart","McDonald","SNP","https://www.publicwhip.org.uk/mp.php?mpid=41692"
"317",41693,"Richard","Graham","Con","https://www.publicwhip.org.uk/mp.php?mpid=41693"
"318",41694,"Hannah","Bardell","SNP","https://www.publicwhip.org.uk/mp.php?mpid=41694"
"319",41696,"Ranil","Jayawardena","Con","https://www.publicwhip.org.uk/mp.php?mpid=41696"
"320",41697,"James","Gray","Con","https://www.publicwhip.org.uk/mp.php?mpid=41697"
"321",41698,"Anna","Turley","Lab","https://www.publicwhip.org.uk/mp.php?mpid=41698"
"322",41699,"Nigel","Adams","Con","https://www.publicwhip.org.uk/mp.php?mpid=41699"
"323",41700,"Heather","Wheeler","Con","https://www.publicwhip.org.uk/mp.php?mpid=41700"
"324",41701,"Lucy","Allan","Con","https://www.publicwhip.org.uk/mp.php?mpid=41701"
"325",41702,"Steve","McCabe","Lab","https://www.publicwhip.org.uk/mp.php?mpid=41702"
"326",41703,"Rosie","Duffield","Lab","https://www.publicwhip.org.uk/mp.php?mpid=41703"
"327",41704,"Stephen","Doughty","Lab","https://www.publicwhip.org.uk/mp.php?mpid=41704"
"328",41705,"Stephen","Timms","Lab","https://www.publicwhip.org.uk/mp.php?mpid=41705"
"329",41706,"Chris","Stephens","SNP","https://www.publicwhip.org.uk/mp.php?mpid=41706"
"330",41707,"Diane","Abbott","Lab","https://www.publicwhip.org.uk/mp.php?mpid=41707"
"331",41708,"Victoria","Atkins","Con","https://www.publicwhip.org.uk/mp.php?mpid=41708"
"332",41709,"Theresa","May","Con","https://www.publicwhip.org.uk/mp.php?mpid=41709"
"333",41710,"Simon","Clarke","Con","https://www.publicwhip.org.uk/mp.php?mpid=41710"
"334",41711,"Paul","Beresford","Con","https://www.publicwhip.org.uk/mp.php?mpid=41711"
"335",41712,"Norman","Lamb","LDem","https://www.publicwhip.org.uk/mp.php?mpid=41712"
"336",41713,"Debbie","Abrahams","Lab","https://www.publicwhip.org.uk/mp.php?mpid=41713"
"337",41714,"Stephen","Morgan","Lab","https://www.publicwhip.org.uk/mp.php?mpid=41714"
"338",41715,"Andrew","Murrison","Con","https://www.publicwhip.org.uk/mp.php?mpid=41715"
"339",41716,"Jonathan","Lord","Con","https://www.publicwhip.org.uk/mp.php?mpid=41716"
"340",41717,"Nick","Gibb","Con","https://www.publicwhip.org.uk/mp.php?mpid=41717"
"341",41718,"Chris","Green","Con","https://www.publicwhip.org.uk/mp.php?mpid=41718"
"342",41719,"Helen","Jones","Lab","https://www.publicwhip.org.uk/mp.php?mpid=41719"
"343",41720,"Liam","Byrne","Lab","https://www.publicwhip.org.uk/mp.php?mpid=41720"
"344",41721,"Tobias","Ellwood","Con","https://www.publicwhip.org.uk/mp.php?mpid=41721"
"345",41722,"Alex","Burghart","Con","https://www.publicwhip.org.uk/mp.php?mpid=41722"
"346",41723,"Hugh","Gaffney","Lab","https://www.publicwhip.org.uk/mp.php?mpid=41723"
"347",41724,"Gareth","Thomas","Lab","https://www.publicwhip.org.uk/mp.php?mpid=41724"
"348",41725,"Bim","Afolami","Con","https://www.publicwhip.org.uk/mp.php?mpid=41725"
"349",41726,"Hilary","Benn","Lab","https://www.publicwhip.org.uk/mp.php?mpid=41726"
"350",41727,"Michael","Fabricant","Con","https://www.publicwhip.org.uk/mp.php?mpid=41727"
"351",41728,"Afzal","Khan","Lab","https://www.publicwhip.org.uk/mp.php?mpid=41728"
"352",41729,"Angela","Smith","Lab","https://www.publicwhip.org.uk/mp.php?mpid=41729"
"353",41730,"Caroline","Nokes","Con","https://www.publicwhip.org.uk/mp.php?mpid=41730"
"354",41731,"Paul","Scully","Con","https://www.publicwhip.org.uk/mp.php?mpid=41731"
"355",41732,"Adam","Afriyie","Con","https://www.publicwhip.org.uk/mp.php?mpid=41732"
"356",41733,"Ross","Thomson","Con","https://www.publicwhip.org.uk/mp.php?mpid=41733"
"357",41734,"Graham","Brady","Con","https://www.publicwhip.org.uk/mp.php?mpid=41734"
"358",41735,"Brendan","O&#39;Hara","SNP","https://www.publicwhip.org.uk/mp.php?mpid=41735"
"359",41736,"Nick","Herbert","Con","https://www.publicwhip.org.uk/mp.php?mpid=41736"
"360",41737,"Gloria","De Piero","Lab","https://www.publicwhip.org.uk/mp.php?mpid=41737"
"361",41738,"Angela","Rayner","Lab","https://www.publicwhip.org.uk/mp.php?mpid=41738"
"362",41739,"David","Lidington","Con","https://www.publicwhip.org.uk/mp.php?mpid=41739"
"363",41740,"Victoria","Prentis","Con","https://www.publicwhip.org.uk/mp.php?mpid=41740"
"364",41741,"David","Duguid","Con","https://www.publicwhip.org.uk/mp.php?mpid=41741"
"365",41742,"John","Woodcock","Lab","https://www.publicwhip.org.uk/mp.php?mpid=41742"
"366",41743,"Maria","Miller","Con","https://www.publicwhip.org.uk/mp.php?mpid=41743"
"367",41744,"John","Mann","Lab","https://www.publicwhip.org.uk/mp.php?mpid=41744"
"368",41745,"Tracy","Brabin","Lab","https://www.publicwhip.org.uk/mp.php?mpid=41745"
"369",41746,"Bob","Stewart","Con","https://www.publicwhip.org.uk/mp.php?mpid=41746"
"370",41747,"Neil","Coyle","Lab","https://www.publicwhip.org.uk/mp.php?mpid=41747"
"371",41748,"Anne-Marie","Trevelyan","Con","https://www.publicwhip.org.uk/mp.php?mpid=41748"
"372",41749,"John","Lamont","Con","https://www.publicwhip.org.uk/mp.php?mpid=41749"
"373",41750,"Rushanara","Ali","Lab","https://www.publicwhip.org.uk/mp.php?mpid=41750"
"374",41751,"Graham","Stuart","Con","https://www.publicwhip.org.uk/mp.php?mpid=41751"
"375",41752,"Huw","Merriman","Con","https://www.publicwhip.org.uk/mp.php?mpid=41752"
"376",41753,"David","Evennett","Con","https://www.publicwhip.org.uk/mp.php?mpid=41753"
"377",41754,"Preet Kaur","Gill","Lab","https://www.publicwhip.org.uk/mp.php?mpid=41754"
"378",41755,"Roger","Godsiff","Lab","https://www.publicwhip.org.uk/mp.php?mpid=41755"
"379",41756,"Khalid","Mahmood","Lab","https://www.publicwhip.org.uk/mp.php?mpid=41756"
"380",41757,"Graham","Stringer","Lab","https://www.publicwhip.org.uk/mp.php?mpid=41757"
"381",41758,"Gordon","Marsden","Lab","https://www.publicwhip.org.uk/mp.php?mpid=41758"
"382",41759,"Ronnie","Campbell","Lab","https://www.publicwhip.org.uk/mp.php?mpid=41759"
"383",41760,"Dennis","Skinner","Lab","https://www.publicwhip.org.uk/mp.php?mpid=41760"
"384",41761,"Matt","Warman","Con","https://www.publicwhip.org.uk/mp.php?mpid=41761"
"385",41762,"Conor","Burns","Con","https://www.publicwhip.org.uk/mp.php?mpid=41762"
"386",41763,"Imran","Hussain","Lab","https://www.publicwhip.org.uk/mp.php?mpid=41763"
"387",41764,"Naseem","Shah","Lab","https://www.publicwhip.org.uk/mp.php?mpid=41764"
"388",41765,"James","Cleverly","Con","https://www.publicwhip.org.uk/mp.php?mpid=41765"
"389",41766,"Dawn","Butler","Lab","https://www.publicwhip.org.uk/mp.php?mpid=41766"
"390",41767,"Barry","Gardiner","Lab","https://www.publicwhip.org.uk/mp.php?mpid=41767"
"391",41768,"Ruth","Cadbury","Lab","https://www.publicwhip.org.uk/mp.php?mpid=41768"
"392",41769,"Ian","Liddell-Grainger","Con","https://www.publicwhip.org.uk/mp.php?mpid=41769"
"393",41770,"Andrew","Percy","Con","https://www.publicwhip.org.uk/mp.php?mpid=41770"
"394",41771,"Lloyd","Russell-Moyle","Lab","https://www.publicwhip.org.uk/mp.php?mpid=41771"
"395",41772,"Caroline","Lucas","Green","https://www.publicwhip.org.uk/mp.php?mpid=41772"
"396",41773,"Keith","Simpson","Con","https://www.publicwhip.org.uk/mp.php?mpid=41773"
"397",41774,"Bob","Neill","Con","https://www.publicwhip.org.uk/mp.php?mpid=41774"
"398",41775,"Sajid","Javid","Con","https://www.publicwhip.org.uk/mp.php?mpid=41775"
"399",41776,"Anna","Soubry","Con","https://www.publicwhip.org.uk/mp.php?mpid=41776"
"400",41778,"Jo","Churchill","Con","https://www.publicwhip.org.uk/mp.php?mpid=41778"
"401",41779,"Jamie","Stone","LDem","https://www.publicwhip.org.uk/mp.php?mpid=41779"
"402",41780,"Craig","Whittaker","Con","https://www.publicwhip.org.uk/mp.php?mpid=41780"
"403",41781,"Harriet","Harman","Lab","https://www.publicwhip.org.uk/mp.php?mpid=41781"
"404",41782,"George","Eustice","Con","https://www.publicwhip.org.uk/mp.php?mpid=41782"
"405",41783,"Kevin","Brennan","Lab","https://www.publicwhip.org.uk/mp.php?mpid=41783"
"406",41784,"Simon","Hart","Con","https://www.publicwhip.org.uk/mp.php?mpid=41784"
"407",41785,"Tom","Brake","LDem","https://www.publicwhip.org.uk/mp.php?mpid=41785"
"408",41786,"Philippa","Whitford","SNP","https://www.publicwhip.org.uk/mp.php?mpid=41786"
"409",41787,"Mel","Stride","Con","https://www.publicwhip.org.uk/mp.php?mpid=41787"
"410",41788,"Daniel","Poulter","Con","https://www.publicwhip.org.uk/mp.php?mpid=41788"
"411",41789,"Ben","Lake","PC","https://www.publicwhip.org.uk/mp.php?mpid=41789"
"412",41790,"Edward","Argar","Con","https://www.publicwhip.org.uk/mp.php?mpid=41790"
"413",41791,"Tracey","Crouch","Con","https://www.publicwhip.org.uk/mp.php?mpid=41791"
"414",41792,"Mary","Robinson","Con","https://www.publicwhip.org.uk/mp.php?mpid=41792"
"415",41793,"Greg","Hands","Con","https://www.publicwhip.org.uk/mp.php?mpid=41793"
"416",41794,"Alex","Chalk","Con","https://www.publicwhip.org.uk/mp.php?mpid=41794"
"417",41795,"Toby","Perkins","Lab","https://www.publicwhip.org.uk/mp.php?mpid=41795"
"418",41796,"Gillian","Keegan","Con","https://www.publicwhip.org.uk/mp.php?mpid=41796"
"419",41797,"Theresa","Villiers","Con","https://www.publicwhip.org.uk/mp.php?mpid=41797"
"420",41798,"Chris","Matheson","Lab","https://www.publicwhip.org.uk/mp.php?mpid=41798"
"421",41799,"Thelma","Walker","Lab","https://www.publicwhip.org.uk/mp.php?mpid=41799"
"422",41800,"Fiona","Bruce","Con","https://www.publicwhip.org.uk/mp.php?mpid=41800"
"423",41801,"Tom","Pursglove","Con","https://www.publicwhip.org.uk/mp.php?mpid=41801"
"424",41802,"Henry","Smith","Con","https://www.publicwhip.org.uk/mp.php?mpid=41802"
"425",41803,"Laura","Smith","Lab","https://www.publicwhip.org.uk/mp.php?mpid=41803"
"426",41804,"Sarah","Jones","Lab","https://www.publicwhip.org.uk/mp.php?mpid=41804"
"427",41805,"Steve","Reed","Lab","https://www.publicwhip.org.uk/mp.php?mpid=41805"
"428",41806,"Chris","Philp","Con","https://www.publicwhip.org.uk/mp.php?mpid=41806"
"429",41807,"Stuart","McDonald","SNP","https://www.publicwhip.org.uk/mp.php?mpid=41807"
"430",41808,"Chris","Heaton-Harris","Con","https://www.publicwhip.org.uk/mp.php?mpid=41808"
"431",41809,"Andrew","Gwynne","Lab","https://www.publicwhip.org.uk/mp.php?mpid=41809"
"432",41810,"Chris","Williamson","Lab","https://www.publicwhip.org.uk/mp.php?mpid=41810"
"433",41811,"Margaret","Beckett","Lab","https://www.publicwhip.org.uk/mp.php?mpid=41811"
"434",41812,"Patrick","McLoughlin","Con","https://www.publicwhip.org.uk/mp.php?mpid=41812"
"435",41813,"Claire","Perry","Con","https://www.publicwhip.org.uk/mp.php?mpid=41813"
"436",41814,"Paula","Sherriff","Lab","https://www.publicwhip.org.uk/mp.php?mpid=41814"
"437",41815,"Ed","Miliband","Lab","https://www.publicwhip.org.uk/mp.php?mpid=41815"
"438",41816,"Ian","Austin","Lab","https://www.publicwhip.org.uk/mp.php?mpid=41816"
"439",41817,"Mike","Wood","Con","https://www.publicwhip.org.uk/mp.php?mpid=41817"
"440",41818,"Helen","Hayes","Lab","https://www.publicwhip.org.uk/mp.php?mpid=41818"
"441",41819,"Alister","Jack","Con","https://www.publicwhip.org.uk/mp.php?mpid=41819"
"442",41820,"David","Mundell","Con","https://www.publicwhip.org.uk/mp.php?mpid=41820"
"443",41821,"Steve","Pound","Lab","https://www.publicwhip.org.uk/mp.php?mpid=41821"
"444",41822,"Hugo","Swire","Con","https://www.publicwhip.org.uk/mp.php?mpid=41822"
"445",41823,"Tim","Loughton","Con","https://www.publicwhip.org.uk/mp.php?mpid=41823"
"446",41824,"Greg","Knight","Con","https://www.publicwhip.org.uk/mp.php?mpid=41824"
"447",41825,"Stephen","Lloyd","LDem","https://www.publicwhip.org.uk/mp.php?mpid=41825"
"448",41826,"Antoinette","Sandbach","Con","https://www.publicwhip.org.uk/mp.php?mpid=41826"
"449",41827,"Deidre","Brock","SNP","https://www.publicwhip.org.uk/mp.php?mpid=41827"
"450",41828,"Ian","Murray","Lab","https://www.publicwhip.org.uk/mp.php?mpid=41828"
"451",41829,"Joanna","Cherry","SNP","https://www.publicwhip.org.uk/mp.php?mpid=41829"
"452",41830,"Christine","Jardine","LDem","https://www.publicwhip.org.uk/mp.php?mpid=41830"
"453",41831,"Kate","Osamor","Lab","https://www.publicwhip.org.uk/mp.php?mpid=41831"
"454",41832,"Justin","Madders","Lab","https://www.publicwhip.org.uk/mp.php?mpid=41832"
"455",41833,"Alec","Shelbrooke","Con","https://www.publicwhip.org.uk/mp.php?mpid=41833"
"456",41834,"Joan","Ryan","Lab","https://www.publicwhip.org.uk/mp.php?mpid=41834"
"457",41835,"Bambos","Charalambous","Lab","https://www.publicwhip.org.uk/mp.php?mpid=41835"
"458",41836,"Chris","Grayling","Con","https://www.publicwhip.org.uk/mp.php?mpid=41836"
"459",41837,"Teresa","Pearce","Lab","https://www.publicwhip.org.uk/mp.php?mpid=41837"
"460",41838,"Ben","Bradshaw","Lab","https://www.publicwhip.org.uk/mp.php?mpid=41838"
"461",41839,"Helen","Whately","Con","https://www.publicwhip.org.uk/mp.php?mpid=41839"
"462",41840,"Seema","Malhotra","Lab","https://www.publicwhip.org.uk/mp.php?mpid=41840"
"463",41842,"Jack","Lopresti","Con","https://www.publicwhip.org.uk/mp.php?mpid=41842"
"464",41843,"Mike","Freer","Con","https://www.publicwhip.org.uk/mp.php?mpid=41843"
"465",41844,"Mark","Harper","Con","https://www.publicwhip.org.uk/mp.php?mpid=41844"
"466",41845,"Edward","Leigh","Con","https://www.publicwhip.org.uk/mp.php?mpid=41845"
"467",41846,"Rehman","Chishti","Con","https://www.publicwhip.org.uk/mp.php?mpid=41846"
"468",41847,"David","Linden","SNP","https://www.publicwhip.org.uk/mp.php?mpid=41847"
"469",41848,"Colin","Clark","Con","https://www.publicwhip.org.uk/mp.php?mpid=41848"
"470",41849,"Nicholas","Boles","Con","https://www.publicwhip.org.uk/mp.php?mpid=41849"
"471",41850,"Meg","Hillier","Lab","https://www.publicwhip.org.uk/mp.php?mpid=41850"
"472",41851,"James","Morris","Con","https://www.publicwhip.org.uk/mp.php?mpid=41851"
"473",41852,"Holly","Lynch","Lab","https://www.publicwhip.org.uk/mp.php?mpid=41852"
"474",41853,"David","Davis","Con","https://www.publicwhip.org.uk/mp.php?mpid=41853"
"475",41854,"Andrew","Slaughter","Lab","https://www.publicwhip.org.uk/mp.php?mpid=41854"
"476",41855,"Tulip","Siddiq","Lab","https://www.publicwhip.org.uk/mp.php?mpid=41855"
"477",41856,"Neil","O&#39;Brien","Con","https://www.publicwhip.org.uk/mp.php?mpid=41856"
"478",41857,"Bob","Blackman","Con","https://www.publicwhip.org.uk/mp.php?mpid=41857"
"479",41858,"Amber","Rudd","Con","https://www.publicwhip.org.uk/mp.php?mpid=41858"
"480",41859,"William","Wragg","Con","https://www.publicwhip.org.uk/mp.php?mpid=41859"
"481",41860,"Jon","Trickett","Lab","https://www.publicwhip.org.uk/mp.php?mpid=41860"
"482",41861,"Matthew","Offord","Con","https://www.publicwhip.org.uk/mp.php?mpid=41861"
"483",41862,"John","Howell","Con","https://www.publicwhip.org.uk/mp.php?mpid=41862"
"484",41863,"Jesse","Norman","Con","https://www.publicwhip.org.uk/mp.php?mpid=41863"
"485",41864,"Guy","Opperman","Con","https://www.publicwhip.org.uk/mp.php?mpid=41864"
"486",41865,"Keir","Starmer","Lab","https://www.publicwhip.org.uk/mp.php?mpid=41865"
"487",41866,"Catherine","West","Lab","https://www.publicwhip.org.uk/mp.php?mpid=41866"
"488",41867,"Jeremy","Quin","Con","https://www.publicwhip.org.uk/mp.php?mpid=41867"
"489",41868,"Peter","Kyle","Lab","https://www.publicwhip.org.uk/mp.php?mpid=41868"
"490",41869,"Barry","Sheerman","Lab","https://www.publicwhip.org.uk/mp.php?mpid=41869"
"491",41870,"Wes","Streeting","Lab","https://www.publicwhip.org.uk/mp.php?mpid=41870"
"492",41871,"Mike","Gapes","Lab","https://www.publicwhip.org.uk/mp.php?mpid=41871"
"493",41872,"John","Grogan","Lab","https://www.publicwhip.org.uk/mp.php?mpid=41872"
"494",41873,"Edward","Davey","LDem","https://www.publicwhip.org.uk/mp.php?mpid=41873"
"495",41874,"Chris","Skidmore","Con","https://www.publicwhip.org.uk/mp.php?mpid=41874"
"496",41875,"Cat","Smith","Lab","https://www.publicwhip.org.uk/mp.php?mpid=41875"
"497",41876,"Richard","Burgon","Lab","https://www.publicwhip.org.uk/mp.php?mpid=41876"
"498",41877,"Fabian","Hamilton","Lab","https://www.publicwhip.org.uk/mp.php?mpid=41877"
"499",41878,"Alex","Sobel","Lab","https://www.publicwhip.org.uk/mp.php?mpid=41878"
"500",41879,"Keith","Vaz","Lab","https://www.publicwhip.org.uk/mp.php?mpid=41879"
"501",41880,"Ellie","Reeves","Lab","https://www.publicwhip.org.uk/mp.php?mpid=41880"
"502",41881,"Vicky","Foxcroft","Lab","https://www.publicwhip.org.uk/mp.php?mpid=41881"
"503",41882,"Karen","Lee","Lab","https://www.publicwhip.org.uk/mp.php?mpid=41882"
"504",41883,"Martyn","Day","SNP","https://www.publicwhip.org.uk/mp.php?mpid=41883"
"505",41884,"Nicky","Morgan","Con","https://www.publicwhip.org.uk/mp.php?mpid=41884"
"506",41885,"Philip","Dunne","Con","https://www.publicwhip.org.uk/mp.php?mpid=41885"
"507",41886,"Kelvin","Hopkins","Lab","https://www.publicwhip.org.uk/mp.php?mpid=41886"
"508",41887,"David","Rutley","Con","https://www.publicwhip.org.uk/mp.php?mpid=41887"
"509",41888,"Helen","Grant","Con","https://www.publicwhip.org.uk/mp.php?mpid=41888"
"510",41889,"Ben","Bradley","Con","https://www.publicwhip.org.uk/mp.php?mpid=41889"
"511",41890,"George","Hollingbery","Con","https://www.publicwhip.org.uk/mp.php?mpid=41890"
"512",41891,"Pauline","Latham","Con","https://www.publicwhip.org.uk/mp.php?mpid=41891"
"513",41892,"Michael","Tomlinson","Con","https://www.publicwhip.org.uk/mp.php?mpid=41892"
"514",41893,"Nicholas","Soames","Con","https://www.publicwhip.org.uk/mp.php?mpid=41893"
"515",41894,"Mark","Lancaster","Con","https://www.publicwhip.org.uk/mp.php?mpid=41894"
"516",41895,"Iain","Stewart","Con","https://www.publicwhip.org.uk/mp.php?mpid=41895"
"517",41896,"David","Morris","Con","https://www.publicwhip.org.uk/mp.php?mpid=41896"
"518",41897,"Andrea","Jenkyns","Con","https://www.publicwhip.org.uk/mp.php?mpid=41897"
"519",41898,"Marion","Fellows","SNP","https://www.publicwhip.org.uk/mp.php?mpid=41898"
"520",41899,"Robert","Jenrick","Con","https://www.publicwhip.org.uk/mp.php?mpid=41899"
"521",41900,"Paul","Farrelly","Lab","https://www.publicwhip.org.uk/mp.php?mpid=41900"
"522",41902,"Yvette","Cooper","Lab","https://www.publicwhip.org.uk/mp.php?mpid=41902"
"523",41903,"Peter","Heaton-Jones","Con","https://www.publicwhip.org.uk/mp.php?mpid=41903"
"524",41904,"Simon","Hoare","Con","https://www.publicwhip.org.uk/mp.php?mpid=41904"
"525",41905,"Alistair","Burt","Con","https://www.publicwhip.org.uk/mp.php?mpid=41905"
"526",41906,"Stephen","Barclay","Con","https://www.publicwhip.org.uk/mp.php?mpid=41906"
"527",41907,"Lee","Rowley","Con","https://www.publicwhip.org.uk/mp.php?mpid=41907"
"528",41908,"Stephen","Gethins","SNP","https://www.publicwhip.org.uk/mp.php?mpid=41908"
"529",41909,"Jacob","Rees-Mogg","Con","https://www.publicwhip.org.uk/mp.php?mpid=41909"
"530",41910,"Bill","Wiggin","Con","https://www.publicwhip.org.uk/mp.php?mpid=41910"
"531",41911,"Owen","Paterson","Con","https://www.publicwhip.org.uk/mp.php?mpid=41911"
"532",41912,"Liam","Fox","Con","https://www.publicwhip.org.uk/mp.php?mpid=41912"
"533",41913,"Roger","Gale","Con","https://www.publicwhip.org.uk/mp.php?mpid=41913"
"534",41914,"Kit","Malthouse","Con","https://www.publicwhip.org.uk/mp.php?mpid=41914"
"535",41915,"Henry","Bellingham","Con","https://www.publicwhip.org.uk/mp.php?mpid=41915"
"536",41916,"Michael","Ellis","Con","https://www.publicwhip.org.uk/mp.php?mpid=41916"
"537",41917,"Andrew","Lewer","Con","https://www.publicwhip.org.uk/mp.php?mpid=41917"
"538",41918,"Chris","Leslie","Lab","https://www.publicwhip.org.uk/mp.php?mpid=41918"
"539",41919,"Alex","Norris","Lab","https://www.publicwhip.org.uk/mp.php?mpid=41919"
"540",41920,"James","Brokenshire","Con","https://www.publicwhip.org.uk/mp.php?mpid=41920"
"541",41921,"Jim","McMahon","Lab","https://www.publicwhip.org.uk/mp.php?mpid=41921"
"542",41922,"Alistair","Carmichael","LDem","https://www.publicwhip.org.uk/mp.php?mpid=41922"
"543",41923,"Jo","Johnson","Con","https://www.publicwhip.org.uk/mp.php?mpid=41923"
"544",41924,"Layla","Moran","LDem","https://www.publicwhip.org.uk/mp.php?mpid=41924"
"545",41925,"Rory","Stewart","Con","https://www.publicwhip.org.uk/mp.php?mpid=41925"
"546",41926,"Johnny","Mercer","Con","https://www.publicwhip.org.uk/mp.php?mpid=41926"
"547",41927,"Luke","Pollard","Lab","https://www.publicwhip.org.uk/mp.php?mpid=41927"
"548",41928,"Robert","Syms","Con","https://www.publicwhip.org.uk/mp.php?mpid=41928"
"549",41929,"Jim","Fitzpatrick","Lab","https://www.publicwhip.org.uk/mp.php?mpid=41929"
"550",41930,"Stephen","Crabb","Con","https://www.publicwhip.org.uk/mp.php?mpid=41930"
"551",41931,"Stuart","Andrew","Con","https://www.publicwhip.org.uk/mp.php?mpid=41931"
"552",41932,"Matt","Rodda","Lab","https://www.publicwhip.org.uk/mp.php?mpid=41932"
"553",41933,"Alok","Sharma","Con","https://www.publicwhip.org.uk/mp.php?mpid=41933"
"554",41934,"Rachel","Maclean","Con","https://www.publicwhip.org.uk/mp.php?mpid=41934"
"555",41935,"Rishi","Sunak","Con","https://www.publicwhip.org.uk/mp.php?mpid=41935"
"556",41936,"Zac","Goldsmith","Con","https://www.publicwhip.org.uk/mp.php?mpid=41936"
"557",41937,"Kelly","Tolhurst","Con","https://www.publicwhip.org.uk/mp.php?mpid=41937"
"558",41938,"Ian","Blackford","SNP","https://www.publicwhip.org.uk/mp.php?mpid=41938"
"559",41939,"Jake","Berry","Con","https://www.publicwhip.org.uk/mp.php?mpid=41939"
"560",41940,"Kevin","Barron","Lab","https://www.publicwhip.org.uk/mp.php?mpid=41940"
"561",41941,"Sarah","Champion","Lab","https://www.publicwhip.org.uk/mp.php?mpid=41941"
"562",41942,"Nick","Hurd","Con","https://www.publicwhip.org.uk/mp.php?mpid=41942"
"563",41943,"Philip","Hammond","Con","https://www.publicwhip.org.uk/mp.php?mpid=41943"
"564",41944,"Alan","Duncan","Con","https://www.publicwhip.org.uk/mp.php?mpid=41944"
"565",41945,"Kemi","Badenoch","Con","https://www.publicwhip.org.uk/mp.php?mpid=41945"
"566",41946,"Robert","Goodwill","Con","https://www.publicwhip.org.uk/mp.php?mpid=41946"
"567",41947,"Nicholas","Dakin","Lab","https://www.publicwhip.org.uk/mp.php?mpid=41947"
"568",41948,"Paul","Blomfield","Lab","https://www.publicwhip.org.uk/mp.php?mpid=41948"
"569",41949,"Mark","Spencer","Con","https://www.publicwhip.org.uk/mp.php?mpid=41949"
"570",41950,"Philip","Davies","Con","https://www.publicwhip.org.uk/mp.php?mpid=41950"
"571",41951,"Daniel","Kawczynski","Con","https://www.publicwhip.org.uk/mp.php?mpid=41951"
"572",41952,"Julian","Smith","Con","https://www.publicwhip.org.uk/mp.php?mpid=41952"
"573",41953,"Caroline","Johnson","Con","https://www.publicwhip.org.uk/mp.php?mpid=41953"
"574",41954,"Tanmanjeet Singh","Dhesi","Lab","https://www.publicwhip.org.uk/mp.php?mpid=41954"
"575",41955,"David","Warburton","Con","https://www.publicwhip.org.uk/mp.php?mpid=41955"
"576",41956,"Lucy","Frazer","Con","https://www.publicwhip.org.uk/mp.php?mpid=41956"
"577",41957,"Alberto","Costa","Con","https://www.publicwhip.org.uk/mp.php?mpid=41957"
"578",41958,"Andrea","Leadsom","Con","https://www.publicwhip.org.uk/mp.php?mpid=41958"
"579",41959,"Seema","Kennedy","Con","https://www.publicwhip.org.uk/mp.php?mpid=41959"
"580",41960,"Gavin","Williamson","Con","https://www.publicwhip.org.uk/mp.php?mpid=41960"
"581",41961,"James","Cartlidge","Con","https://www.publicwhip.org.uk/mp.php?mpid=41961"
"582",41962,"Craig","Mackinlay","Con","https://www.publicwhip.org.uk/mp.php?mpid=41962"
"583",41963,"Andrew","Selous","Con","https://www.publicwhip.org.uk/mp.php?mpid=41963"
"584",41964,"Gary","Streeter","Con","https://www.publicwhip.org.uk/mp.php?mpid=41964"
"585",41965,"David","Gauke","Con","https://www.publicwhip.org.uk/mp.php?mpid=41965"
"586",41966,"Elizabeth","Truss","Con","https://www.publicwhip.org.uk/mp.php?mpid=41966"
"587",41967,"Jeremy","Hunt","Con","https://www.publicwhip.org.uk/mp.php?mpid=41967"
"588",41968,"Royston","Smith","Con","https://www.publicwhip.org.uk/mp.php?mpid=41968"
"589",41969,"Alan","Whitehead","Lab","https://www.publicwhip.org.uk/mp.php?mpid=41969"
"590",41970,"Kwasi","Kwarteng","Con","https://www.publicwhip.org.uk/mp.php?mpid=41970"
"591",41971,"Derek","Thomas","Con","https://www.publicwhip.org.uk/mp.php?mpid=41971"
"592",41972,"Jonathan","Reynolds","Lab","https://www.publicwhip.org.uk/mp.php?mpid=41972"
"593",41973,"Stephen","Kerr","Con","https://www.publicwhip.org.uk/mp.php?mpid=41973"
"594",41974,"Ann","Coffey","Lab","https://www.publicwhip.org.uk/mp.php?mpid=41974"
"595",41975,"Gareth","Snell","Lab","https://www.publicwhip.org.uk/mp.php?mpid=41975"
"596",41976,"Ruth","Smeeth","Lab","https://www.publicwhip.org.uk/mp.php?mpid=41976"
"597",41977,"Jack","Brereton","Con","https://www.publicwhip.org.uk/mp.php?mpid=41977"
"598",41978,"Bill","Cash","Con","https://www.publicwhip.org.uk/mp.php?mpid=41978"
"599",41979,"Margot","James","Con","https://www.publicwhip.org.uk/mp.php?mpid=41979"
"600",41980,"Chuka","Umunna","Lab","https://www.publicwhip.org.uk/mp.php?mpid=41980"
"601",41981,"Kate","Green","Lab","https://www.publicwhip.org.uk/mp.php?mpid=41981"
"602",41982,"Esther","McVey","Con","https://www.publicwhip.org.uk/mp.php?mpid=41982"
"603",41983,"Rebecca","Pow","Con","https://www.publicwhip.org.uk/mp.php?mpid=41983"
"604",41984,"Laurence","Robertson","Con","https://www.publicwhip.org.uk/mp.php?mpid=41984"
"605",41985,"Kevin","Hollinrake","Con","https://www.publicwhip.org.uk/mp.php?mpid=41985"
"606",41986,"Luke","Hall","Con","https://www.publicwhip.org.uk/mp.php?mpid=41986"
"607",41987,"Neil","Parish","Con","https://www.publicwhip.org.uk/mp.php?mpid=41987"
"608",41988,"Geoffrey","Cox","Con","https://www.publicwhip.org.uk/mp.php?mpid=41988"
"609",41989,"Sarah","Wollaston","Con","https://www.publicwhip.org.uk/mp.php?mpid=41989"
"610",41990,"Sarah","Newton","Con","https://www.publicwhip.org.uk/mp.php?mpid=41990"
"611",41991,"David","Simpson","DUP","https://www.publicwhip.org.uk/mp.php?mpid=41991"
"612",41992,"Kate","Hoey","Lab","https://www.publicwhip.org.uk/mp.php?mpid=41992"
"613",41993,"Mary","Creagh","Lab","https://www.publicwhip.org.uk/mp.php?mpid=41993"
"614",41994,"Eddie","Hughes","Con","https://www.publicwhip.org.uk/mp.php?mpid=41994"
"615",41995,"Valerie","Vaz","Lab","https://www.publicwhip.org.uk/mp.php?mpid=41995"
"616",41996,"Ian","Lavery","Lab","https://www.publicwhip.org.uk/mp.php?mpid=41996"
"617",41997,"Ed","Vaizey","Con","https://www.publicwhip.org.uk/mp.php?mpid=41997"
"618",41998,"Faisal","Rashid","Lab","https://www.publicwhip.org.uk/mp.php?mpid=41998"
"619",41999,"Matt","Western","Lab","https://www.publicwhip.org.uk/mp.php?mpid=41999"
"620",42000,"Peter","Aldous","Con","https://www.publicwhip.org.uk/mp.php?mpid=42000"
"621",42001,"Mike","Amesbury","Lab","https://www.publicwhip.org.uk/mp.php?mpid=42001"
"622",42002,"James","Heappey","Con","https://www.publicwhip.org.uk/mp.php?mpid=42002"
"623",42003,"Grant","Shapps","Con","https://www.publicwhip.org.uk/mp.php?mpid=42003"
"624",42004,"Andrew","Bowie","Con","https://www.publicwhip.org.uk/mp.php?mpid=42004"
"625",42005,"Lyn","Brown","Lab","https://www.publicwhip.org.uk/mp.php?mpid=42005"
"626",42006,"Rosie","Cooper","Lab","https://www.publicwhip.org.uk/mp.php?mpid=42006"
"627",42008,"Tim","Farron","LDem","https://www.publicwhip.org.uk/mp.php?mpid=42008"
"628",42009,"John","Penrose","Con","https://www.publicwhip.org.uk/mp.php?mpid=42009"
"629",42010,"Steve","Brine","Con","https://www.publicwhip.org.uk/mp.php?mpid=42010"
"630",42011,"Priti","Patel","Con","https://www.publicwhip.org.uk/mp.php?mpid=42011"
"631",42012,"Robert","Courts","Con","https://www.publicwhip.org.uk/mp.php?mpid=42012"
"632",42013,"Peter","Bottomley","Con","https://www.publicwhip.org.uk/mp.php?mpid=42013"
"633",42014,"Ben","Wallace","Con","https://www.publicwhip.org.uk/mp.php?mpid=42014"
"634",42015,"Rachael","Maskell","Lab","https://www.publicwhip.org.uk/mp.php?mpid=42015"
"635",42016,"Julian","Sturdy","Con","https://www.publicwhip.org.uk/mp.php?mpid=42016"
"636",42017,"Steve","Double","Con","https://www.publicwhip.org.uk/mp.php?mpid=42017"
"637",42018,"Sheryll","Murray","Con","https://www.publicwhip.org.uk/mp.php?mpid=42018"
"638",42019,"Scott","Mann","Con","https://www.publicwhip.org.uk/mp.php?mpid=42019"
"639",42020,"Emma","Dent Coad","Lab","https://www.publicwhip.org.uk/mp.php?mpid=42020"
"641",42023,"Janet","Daby","Lab","https://www.publicwhip.org.uk/mp.php?mpid=42023"
"663",42045,"Ruth","Jones","Lab","https://www.publicwhip.org.uk/mp.php?mpid=42045"
"664",42046,"Lisa","Forbes","Lab","https://www.publicwhip.org.uk/mp.php?mpid=42046"
"666",42048,"Jane","Dodds","LDem","https://www.publicwhip.org.uk/mp.php?mpid=42048"
